Designator,Footprint,Quantity,Value,LCSC Part #
"C101, C301, C302, C501, C502, C503",0603,6,0.1u,
C401,0805,1,4u7,C19666
"C402, C404",0805,2,30p,C1570
"C403, C405, C407, C408, C409",0805,5,100n,C1525
C406,0805,1,1u,C52923
"C504, C505",0603,2,20pF,
"D201, D301, D401",0402,3,LED,
"H101, H102, H103, H104",MountingHole_2.7mm_M2.5_ISO7380_Pad,4,MountingHole,
IC301,SOIC127P600X175-14N,1,PIC16F1503-I_SL,
"J101, J102",PinSocket_2x26_P2.54mm_Vertical,2,Conn_02x26_Odd_Even,
J301,TC2030MCPNL10,1,TC2030-MCP-NL-10,
J401,PinHeader_1x06_P1.00mm_Vertical,1,Conn_01x06_Female,
J402,PinHeader_1x03_P2.00mm_Vertical,1,Conn_01x03,
J502,PinHeader_2x03_P2.00mm_Vertical,1,AVR-ISP-6,
"JP101, JP402, JP501",SolderJumper-2_P1.3mm_Open_Pad1.0x1.5mm,3,Jumper_2_Open,
JP401,SolderJumper-2_P1.3mm_Open_Pad1.0x1.5mm,1,SolderJumper_2_Open,
L401,0402,1,27n,C18830
"R101, R102, R301, R302, R402, R403, R501, R502",0603,8,2k,
"R201, R303, R405",0603,3,1k,
R401,0805,1,10k,C25744
R404,0603,1,4k7,
"TP101, TP102, TP103, TP104, TP105, TP106",TestPoint_THTPad_1.0x1.0mm_Drill0.5mm,6,TestPoint,
U101,TSSOP-24_4.4x7.8mm_P0.65mm,1,PCA9548APW,
U401,LQFP-48_7x7mm_P0.5mm,1,STM32F103C8T6,C8734
U501,DIP-28_W7.62mm,1,ATmega328-P,
Y401,Crystal_SMD_5032-2Pin_5.0x3.2mm,1,8MHz,C115962
Y501,ECS100S20ATR,1,ECS-100-S-20A-TR,
